kingdom	phylum	class	order	family	genus	species	lastvalue	otu_seq_comp_appr	otu_db	lsid	taxonRank	specificEpithet
asv.4	Eukaryota	Chordata	Actinopteri	Pleuronectiformes	Pleuronectidae				bowtie2;2.4.4;ANACAPA-blca;2021	MitoFish			
asv.43	Eukaryota	Chordata	Actinopteri	Pleuronectiformes	Pleuronectidae				bowtie2;2.4.4;ANACAPA-blca;2021	MitoFish			
asv.71	Eukaryota	Chordata	Actinopteri	Chaetodontiformes	Leiognathidae				bowtie2;2.4.4;ANACAPA-blca;2021	MitoFish			
asv.77	Eukaryota	Chordata	Actinopteri	Centrarchiformes	Terapontidae				bowtie2;2.4.4;ANACAPA-blca;2021	MitoFish			
asv.78	Eukaryota	Chordata	Actinopteri	Blenniiformes	Tripterygiidae				bowtie2;2.4.4;ANACAPA-blca;2021	MitoFish			
asv.79	Eukaryota	Chordata	Actinopteri	Beloniformes	Belonidae				bowtie2;2.4.4;ANACAPA-blca;2021	MitoFish			
asv.50	Eukaryota	Chordata	Actinopteri	Tetraodontiformes	Monacanthidae				bowtie2;2.4.4;ANACAPA-blca;2021	MitoFish			
asv.53	Eukaryota	Chordata	Actinopteri	Gadiformes	Gadidae				bowtie2;2.4.4;ANACAPA-blca;2021	MitoFish			
asv.97	Eukaryota	Chordata	Actinopteri	Perciformes	Platycephalidae				bowtie2;2.4.4;ANACAPA-blca;2021	MitoFish			
asv.103	Eukaryota	Chordata	Actinopteri	Centrarchiformes	Terapontidae				bowtie2;2.4.4;ANACAPA-blca;2021	MitoFish			
asv.156	Eukaryota	Chordata	Chondrichthyes	Myliobatiformes					bowtie2;2.4.4;ANACAPA-blca;2021	MitoFish			
asv.131	Eukaryota	Chordata	Actinopteri						bowtie2;2.4.4;ANACAPA-blca;2021	MitoFish			
asv.171	Eukaryota	Chordata	Actinopteri	Syngnathiformes	Syngnathidae				bowtie2;2.4.4;ANACAPA-blca;2021	MitoFish			
asv.125	Eukaryota	Chordata	Actinopteri	Pleuronectiformes	Pleuronectidae				bowtie2;2.4.4;ANACAPA-blca;2021	MitoFish			
asv.219	Eukaryota	Chordata	Actinopteri	Gobiiformes	Gobiidae				bowtie2;2.4.4;ANACAPA-blca;2021	MitoFish			
asv.223	Eukaryota	Chordata	Actinopteri						bowtie2;2.4.4;ANACAPA-blca;2021	MitoFish			
asv.178	Eukaryota	Chordata	Actinopteri	Pleuronectiformes	Pleuronectidae				bowtie2;2.4.4;ANACAPA-blca;2021	MitoFish			
asv.179	Eukaryota	Chordata	Actinopteri						bowtie2;2.4.4;ANACAPA-blca;2021	MitoFish			
asv.182	Eukaryota	Chordata	Actinopteri						bowtie2;2.4.4;ANACAPA-blca;2021	MitoFish			
asv.201	Eukaryota	Chordata	Actinopteri	Pleuronectiformes	Pleuronectidae				bowtie2;2.4.4;ANACAPA-blca;2021	MitoFish			
asv.229	Eukaryota	Chordata	Actinopteri	Pleuronectiformes	Pleuronectidae				bowtie2;2.4.4;ANACAPA-blca;2021	MitoFish			
asv.244	Eukaryota	Chordata	Actinopteri	Kurtiformes	Apogonidae				bowtie2;2.4.4;ANACAPA-blca;2021	MitoFish			
asv.250	Eukaryota	Chordata	Actinopteri						bowtie2;2.4.4;ANACAPA-blca;2021	MitoFish			
asv.257	Eukaryota	Chordata	Actinopteri	Lutjaniformes	Haemulidae				bowtie2;2.4.4;ANACAPA-blca;2021	MitoFish			
asv.258	Eukaryota	Chordata	Actinopteri						bowtie2;2.4.4;ANACAPA-blca;2021	MitoFish			
asv.276	Eukaryota	Chordata	Actinopteri	Gobiiformes	Gobiidae				bowtie2;2.4.4;ANACAPA-blca;2021	MitoFish			
asv.282	Eukaryota	Chordata	Actinopteri						bowtie2;2.4.4;ANACAPA-blca;2021	MitoFish			
asv.292	Eukaryota	Chordata	Actinopteri						bowtie2;2.4.4;ANACAPA-blca;2021	MitoFish			
asv.304	Eukaryota	Chordata	Actinopteri	Syngnathiformes	Callionymidae				bowtie2;2.4.4;ANACAPA-blca;2021	MitoFish			
asv.305	Eukaryota	Chordata	Actinopteri	Beloniformes	Belonidae				bowtie2;2.4.4;ANACAPA-blca;2021	MitoFish			
asv.345	Eukaryota	Chordata	Actinopteri	Anguilliformes	Congridae				bowtie2;2.4.4;ANACAPA-blca;2021	MitoFish			
asv.351	Eukaryota	Chordata	Actinopteri	Pleuronectiformes	Pleuronectidae				bowtie2;2.4.4;ANACAPA-blca;2021	MitoFish			
asv.326	Eukaryota	Chordata	Actinopteri	Pleuronectiformes	Pleuronectidae				bowtie2;2.4.4;ANACAPA-blca;2021	MitoFish			
asv.328	Eukaryota	Chordata	Actinopteri	Pleuronectiformes	Pleuronectidae				bowtie2;2.4.4;ANACAPA-blca;2021	MitoFish			
asv.329	Eukaryota	Chordata	Actinopteri	Spariformes	Sparidae				bowtie2;2.4.4;ANACAPA-blca;2021	MitoFish			
asv.335	Eukaryota	Chordata	Actinopteri	Pleuronectiformes	Pleuronectidae				bowtie2;2.4.4;ANACAPA-blca;2021	MitoFish			
asv.353	Eukaryota	Chordata	Actinopteri	Pleuronectiformes	Pleuronectidae				bowtie2;2.4.4;ANACAPA-blca;2021	MitoFish			
asv.359	Eukaryota	Chordata	Actinopteri	Pleuronectiformes	Pleuronectidae				bowtie2;2.4.4;ANACAPA-blca;2021	MitoFish			
asv.388	Eukaryota	Chordata	Actinopteri	Pleuronectiformes	Pleuronectidae				bowtie2;2.4.4;ANACAPA-blca;2021	MitoFish			
asv.396	Eukaryota	Chordata	Actinopteri	Pleuronectiformes	Pleuronectidae				bowtie2;2.4.4;ANACAPA-blca;2021	MitoFish			
asv.370	Eukaryota	Chordata	Actinopteri	Labriformes	Labridae				bowtie2;2.4.4;ANACAPA-blca;2021	MitoFish			
asv.374	Eukaryota	Chordata	Actinopteri	Pleuronectiformes	Pleuronectidae				bowtie2;2.4.4;ANACAPA-blca;2021	MitoFish			
asv.378	Eukaryota	Chordata	Actinopteri						bowtie2;2.4.4;ANACAPA-blca;2021	MitoFish			
asv.380	Eukaryota	Chordata	Actinopteri	Gobiiformes	Gobiidae				bowtie2;2.4.4;ANACAPA-blca;2021	MitoFish			
asv.417	Eukaryota	Chordata	Actinopteri	Pleuronectiformes	Pleuronectidae				bowtie2;2.4.4;ANACAPA-blca;2021	MitoFish			
asv.420	Eukaryota	Chordata	Actinopteri	Pleuronectiformes	Pleuronectidae				bowtie2;2.4.4;ANACAPA-blca;2021	MitoFish			
asv.424	Eukaryota	Chordata	Actinopteri	Pleuronectiformes	Pleuronectidae				bowtie2;2.4.4;ANACAPA-blca;2021	MitoFish			
asv.430	Eukaryota	Chordata	Actinopteri	Siluriformes					bowtie2;2.4.4;ANACAPA-blca;2021	MitoFish			
asv.401	Eukaryota	Chordata	Actinopteri	Syngnathiformes	Callionymidae				bowtie2;2.4.4;ANACAPA-blca;2021	MitoFish			
asv.403	Eukaryota	Chordata	Actinopteri	Gobiiformes	Gobiidae				bowtie2;2.4.4;ANACAPA-blca;2021	MitoFish			
asv.407	Eukaryota	Chordata	Actinopteri	Pleuronectiformes	Pleuronectidae				bowtie2;2.4.4;ANACAPA-blca;2021	MitoFish			
asv.409	Eukaryota	Chordata	Actinopteri	Pleuronectiformes	Pleuronectidae				bowtie2;2.4.4;ANACAPA-blca;2021	MitoFish			
asv.414	Eukaryota	Chordata	Actinopteri	Pleuronectiformes	Pleuronectidae				bowtie2;2.4.4;ANACAPA-blca;2021	MitoFish			
asv.416	Eukaryota	Chordata	Actinopteri	Pleuronectiformes	Pleuronectidae				bowtie2;2.4.4;ANACAPA-blca;2021	MitoFish			
asv.437	Eukaryota	Chordata	Actinopteri						bowtie2;2.4.4;ANACAPA-blca;2021	MitoFish			
asv.438	Eukaryota	Chordata	Actinopteri	Pleuronectiformes	Pleuronectidae				bowtie2;2.4.4;ANACAPA-blca;2021	MitoFish			
asv.441	Eukaryota	Chordata	Actinopteri	Pleuronectiformes	Pleuronectidae				bowtie2;2.4.4;ANACAPA-blca;2021	MitoFish			
asv.442	Eukaryota	Chordata	Actinopteri	Pleuronectiformes	Pleuronectidae				bowtie2;2.4.4;ANACAPA-blca;2021	MitoFish			
asv.443	Eukaryota	Chordata	Actinopteri	Pleuronectiformes	Pleuronectidae				bowtie2;2.4.4;ANACAPA-blca;2021	MitoFish			
asv.470	Eukaryota	Chordata	Actinopteri	Centrarchiformes	Terapontidae				bowtie2;2.4.4;ANACAPA-blca;2021	MitoFish			
asv.476	Eukaryota	Chordata	Actinopteri	Pleuronectiformes	Pleuronectidae				bowtie2;2.4.4;ANACAPA-blca;2021	MitoFish			
asv.479	Eukaryota	Chordata	Actinopteri	Pleuronectiformes	Pleuronectidae				bowtie2;2.4.4;ANACAPA-blca;2021	MitoFish			
asv.490	Eukaryota	Chordata	Actinopteri	Pleuronectiformes	Pleuronectidae				bowtie2;2.4.4;ANACAPA-blca;2021	MitoFish			
asv.493	Eukaryota	Chordata	Actinopteri	Gadiformes	Gadidae				bowtie2;2.4.4;ANACAPA-blca;2021	MitoFish			
asv.497	Eukaryota	Chordata	Actinopteri	Pleuronectiformes	Pleuronectidae				bowtie2;2.4.4;ANACAPA-blca;2021	MitoFish			
asv.504	Eukaryota	Chordata	Actinopteri	Pleuronectiformes	Pleuronectidae				bowtie2;2.4.4;ANACAPA-blca;2021	MitoFish			
asv.510	Eukaryota	Chordata	Actinopteri	Labriformes	Labridae				bowtie2;2.4.4;ANACAPA-blca;2021	MitoFish			
asv.449	Eukaryota	Chordata	Actinopteri	Pleuronectiformes	Pleuronectidae				bowtie2;2.4.4;ANACAPA-blca;2021	MitoFish			
asv.451	Eukaryota	Chordata	Actinopteri	Pleuronectiformes	Pleuronectidae				bowtie2;2.4.4;ANACAPA-blca;2021	MitoFish			
asv.452	Eukaryota	Chordata	Actinopteri	Pleuronectiformes	Pleuronectidae				bowtie2;2.4.4;ANACAPA-blca;2021	MitoFish			
asv.456	Eukaryota	Chordata	Actinopteri	Pleuronectiformes	Pleuronectidae				bowtie2;2.4.4;ANACAPA-blca;2021	MitoFish			
asv.546	Eukaryota	Chordata	Actinopteri	Pleuronectiformes	Pleuronectidae				bowtie2;2.4.4;ANACAPA-blca;2021	MitoFish			
asv.529	Eukaryota	Chordata	Actinopteri	Pleuronectiformes	Pleuronectidae				bowtie2;2.4.4;ANACAPA-blca;2021	MitoFish			
asv.533	Eukaryota	Chordata	Actinopteri	Pleuronectiformes	Pleuronectidae				bowtie2;2.4.4;ANACAPA-blca;2021	MitoFish			
asv.543	Eukaryota	Chordata	Actinopteri	Pleuronectiformes	Pleuronectidae				bowtie2;2.4.4;ANACAPA-blca;2021	MitoFish			
asv.521	Eukaryota	Chordata	Actinopteri	Pleuronectiformes	Pleuronectidae				bowtie2;2.4.4;ANACAPA-blca;2021	MitoFish			
asv.524	Eukaryota	Chordata	Chondrichthyes	Myliobatiformes	Dasyatidae				bowtie2;2.4.4;ANACAPA-blca;2021	MitoFish			
asv.526	Eukaryota	Chordata	Actinopteri	Tetraodontiformes	Monacanthidae				bowtie2;2.4.4;ANACAPA-blca;2021	MitoFish			
asv.571	Eukaryota	Chordata	Actinopteri	Pleuronectiformes	Pleuronectidae				bowtie2;2.4.4;ANACAPA-blca;2021	MitoFish			
asv.574	Eukaryota	Chordata	Actinopteri	Pleuronectiformes	Pleuronectidae				bowtie2;2.4.4;ANACAPA-blca;2021	MitoFish			
asv.576	Eukaryota	Chordata	Chondrichthyes	Myliobatiformes	Dasyatidae				bowtie2;2.4.4;ANACAPA-blca;2021	MitoFish			
asv.597	Eukaryota	Chordata	Actinopteri	Tetraodontiformes	Monacanthidae				bowtie2;2.4.4;ANACAPA-blca;2021	MitoFish			
asv.582	Eukaryota	Chordata	Actinopteri	Pleuronectiformes	Pleuronectidae				bowtie2;2.4.4;ANACAPA-blca;2021	MitoFish			
asv.589	Eukaryota	Chordata	Actinopteri	Pleuronectiformes	Pleuronectidae				bowtie2;2.4.4;ANACAPA-blca;2021	MitoFish			
asv.630	Eukaryota	Chordata	Actinopteri	Pleuronectiformes	Pleuronectidae				bowtie2;2.4.4;ANACAPA-blca;2021	MitoFish			
asv.659	Eukaryota	Chordata	Actinopteri	Pleuronectiformes	Pleuronectidae				bowtie2;2.4.4;ANACAPA-blca;2021	MitoFish			
asv.643	Eukaryota	Chordata	Actinopteri	Pleuronectiformes	Pleuronectidae				bowtie2;2.4.4;ANACAPA-blca;2021	MitoFish			
asv.675	Eukaryota	Chordata	Actinopteri	Labriformes	Labridae				bowtie2;2.4.4;ANACAPA-blca;2021	MitoFish			
asv.677	Eukaryota	Chordata	Actinopteri	Pleuronectiformes	Pleuronectidae				bowtie2;2.4.4;ANACAPA-blca;2021	MitoFish			
asv.686	Eukaryota	Chordata	Actinopteri	Pleuronectiformes	Pleuronectidae				bowtie2;2.4.4;ANACAPA-blca;2021	MitoFish			
asv.714	Eukaryota	Chordata	Actinopteri	Pleuronectiformes	Pleuronectidae				bowtie2;2.4.4;ANACAPA-blca;2021	MitoFish			
asv.717	Eukaryota	Chordata	Actinopteri	Centrarchiformes	Terapontidae				bowtie2;2.4.4;ANACAPA-blca;2021	MitoFish			
asv.735	Eukaryota	Chordata	Actinopteri						bowtie2;2.4.4;ANACAPA-blca;2021	MitoFish			
asv.740	Eukaryota	Chordata	Actinopteri	Gadiformes	Gadidae				bowtie2;2.4.4;ANACAPA-blca;2021	MitoFish			
asv.746	Eukaryota	Chordata	Actinopteri	Pleuronectiformes	Pleuronectidae				bowtie2;2.4.4;ANACAPA-blca;2021	MitoFish			
asv.751	Eukaryota	Chordata	Actinopteri						bowtie2;2.4.4;ANACAPA-blca;2021	MitoFish			
asv.774	Eukaryota	Chordata	Actinopteri	Pleuronectiformes	Pleuronectidae				bowtie2;2.4.4;ANACAPA-blca;2021	MitoFish			
asv.778	Eukaryota	Chordata	Actinopteri	Pleuronectiformes	Pleuronectidae				bowtie2;2.4.4;ANACAPA-blca;2021	MitoFish			
asv.753	Eukaryota	Chordata	Actinopteri	Gadiformes	Gadidae				bowtie2;2.4.4;ANACAPA-blca;2021	MitoFish			
asv.804	Eukaryota	Chordata	Actinopteri	Pleuronectiformes	Pleuronectidae				bowtie2;2.4.4;ANACAPA-blca;2021	MitoFish			
asv.814	Eukaryota	Chordata	Actinopteri						bowtie2;2.4.4;ANACAPA-blca;2021	MitoFish			
asv.826	Eukaryota	Chordata	Actinopteri						bowtie2;2.4.4;ANACAPA-blca;2021	MitoFish			
asv.827	Eukaryota	Chordata	Actinopteri	Gadiformes	Gadidae				bowtie2;2.4.4;ANACAPA-blca;2021	MitoFish			
asv.839	Eukaryota	Chordata	Actinopteri						bowtie2;2.4.4;ANACAPA-blca;2021	MitoFish			
asv.849	Eukaryota	Chordata	Actinopteri	Gadiformes	Gadidae				bowtie2;2.4.4;ANACAPA-blca;2021	MitoFish			
asv.906	Eukaryota	Chordata	Actinopteri						bowtie2;2.4.4;ANACAPA-blca;2021	MitoFish			
asv.892	Eukaryota	Chordata	Actinopteri	Gadiformes	Gadidae				bowtie2;2.4.4;ANACAPA-blca;2021	MitoFish			
asv.917	Eukaryota	Chordata	Actinopteri						bowtie2;2.4.4;ANACAPA-blca;2021	MitoFish			
asv.927	Eukaryota	Chordata	Actinopteri	Gadiformes	Gadidae				bowtie2;2.4.4;ANACAPA-blca;2021	MitoFish			
asv.1017	Eukaryota	Chordata	Actinopteri	Gadiformes	Gadidae				bowtie2;2.4.4;ANACAPA-blca;2021	MitoFish			
asv.1052	Eukaryota	Chordata	Actinopteri	Gadiformes	Gadidae				bowtie2;2.4.4;ANACAPA-blca;2021	MitoFish			
asv.1033	Eukaryota	Chordata	Actinopteri	Gadiformes	Gadidae				bowtie2;2.4.4;ANACAPA-blca;2021	MitoFish			
asv.1040	Eukaryota	Chordata	Actinopteri	Gadiformes	Gadidae				bowtie2;2.4.4;ANACAPA-blca;2021	MitoFish			
asv.1068	Eukaryota	Chordata	Actinopteri	Spariformes					bowtie2;2.4.4;ANACAPA-blca;2021	MitoFish			
asv.1070	Eukaryota	Chordata	Actinopteri	Gadiformes	Gadidae				bowtie2;2.4.4;ANACAPA-blca;2021	MitoFish			
asv.1073	Eukaryota	Chordata	Actinopteri	Tetraodontiformes	Monacanthidae				bowtie2;2.4.4;ANACAPA-blca;2021	MitoFish			
asv.1079	Eukaryota	Chordata	Actinopteri	Gadiformes	Gadidae				bowtie2;2.4.4;ANACAPA-blca;2021	MitoFish			
asv.1135	Eukaryota	Chordata	Actinopteri	Tetraodontiformes	Monacanthidae				bowtie2;2.4.4;ANACAPA-blca;2021	MitoFish			
asv.1103	Eukaryota	Chordata	Actinopteri	Gobiiformes	Gobiidae				bowtie2;2.4.4;ANACAPA-blca;2021	MitoFish			
asv.1179	Eukaryota	Chordata	Actinopteri	Siluriformes					bowtie2;2.4.4;ANACAPA-blca;2021	MitoFish			
asv.1184	Eukaryota	Chordata	Chondrichthyes	Myliobatiformes					bowtie2;2.4.4;ANACAPA-blca;2021	MitoFish			
asv.1195	Eukaryota	Chordata	Actinopteri	Labriformes	Labridae				bowtie2;2.4.4;ANACAPA-blca;2021	MitoFish			
asv.1260	Eukaryota	Chordata	Actinopteri	Gadiformes	Gadidae				bowtie2;2.4.4;ANACAPA-blca;2021	MitoFish			
asv.1266	Eukaryota	Chordata	Actinopteri	Kurtiformes	Apogonidae				bowtie2;2.4.4;ANACAPA-blca;2021	MitoFish			
asv.1221	Eukaryota	Chordata	Actinopteri	Blenniiformes	Tripterygiidae				bowtie2;2.4.4;ANACAPA-blca;2021	MitoFish			
asv.1224	Eukaryota	Chordata	Actinopteri	Beloniformes	Belonidae				bowtie2;2.4.4;ANACAPA-blca;2021	MitoFish			
asv.1344	Eukaryota	Chordata	Actinopteri	Siluriformes					bowtie2;2.4.4;ANACAPA-blca;2021	MitoFish			
asv.1325	Eukaryota	Chordata	Actinopteri	Gadiformes	Gadidae				bowtie2;2.4.4;ANACAPA-blca;2021	MitoFish			
asv.1282	Eukaryota	Chordata	Actinopteri	Pleuronectiformes	Pleuronectidae				bowtie2;2.4.4;ANACAPA-blca;2021	MitoFish			
asv.1289	Eukaryota	Chordata	Actinopteri	Tetraodontiformes	Monacanthidae				bowtie2;2.4.4;ANACAPA-blca;2021	MitoFish			
asv.1292	Eukaryota	Chordata	Actinopteri	Pleuronectiformes	Pleuronectidae				bowtie2;2.4.4;ANACAPA-blca;2021	MitoFish			
asv.9000	Eukaryota	Chordata	Actinopteri	Tetraodontiformes	Monacanthidae				bowtie2;2.4.4;ANACAPA-blca;2021	MitoFish			
asv.10180	Eukaryota	Chordata	Actinopteri						bowtie2;2.4.4;ANACAPA-blca;2021	MitoFish			
asv.10551									bowtie2;2.4.4;ANACAPA-blca;2021	MitoFish			
asv.6306									bowtie2;2.4.4;ANACAPA-blca;2021	MitoFish			
asv.9966									bowtie2;2.4.4;ANACAPA-blca;2021	MitoFish			
asv.4956									bowtie2;2.4.4;ANACAPA-blca;2021	MitoFish			
asv.6984									bowtie2;2.4.4;ANACAPA-blca;2021	MitoFish			
asv.2672									bowtie2;2.4.4;ANACAPA-blca;2021	MitoFish			
asv.10208									bowtie2;2.4.4;ANACAPA-blca;2021	MitoFish			
asv.3452									bowtie2;2.4.4;ANACAPA-blca;2021	MitoFish			
asv.3095									bowtie2;2.4.4;ANACAPA-blca;2021	MitoFish			
asv.4334									bowtie2;2.4.4;ANACAPA-blca;2021	MitoFish			
asv.7878									bowtie2;2.4.4;ANACAPA-blca;2021	MitoFish			
asv.10568									bowtie2;2.4.4;ANACAPA-blca;2021	MitoFish			
asv.2747									bowtie2;2.4.4;ANACAPA-blca;2021	MitoFish			
asv.9743									bowtie2;2.4.4;ANACAPA-blca;2021	MitoFish			
asv.8586									bowtie2;2.4.4;ANACAPA-blca;2021	MitoFish			
asv.9771									bowtie2;2.4.4;ANACAPA-blca;2021	MitoFish			
asv.9581									bowtie2;2.4.4;ANACAPA-blca;2021	MitoFish			
asv.8868									bowtie2;2.4.4;ANACAPA-blca;2021	MitoFish			
asv.10074									bowtie2;2.4.4;ANACAPA-blca;2021	MitoFish			
asv.8748									bowtie2;2.4.4;ANACAPA-blca;2021	MitoFish			
asv.6447									bowtie2;2.4.4;ANACAPA-blca;2021	MitoFish			
asv.7987									bowtie2;2.4.4;ANACAPA-blca;2021	MitoFish			
asv.2372									bowtie2;2.4.4;ANACAPA-blca;2021	MitoFish			
asv.2916									bowtie2;2.4.4;ANACAPA-blca;2021	MitoFish			
asv.8678									bowtie2;2.4.4;ANACAPA-blca;2021	MitoFish			
asv.10179									bowtie2;2.4.4;ANACAPA-blca;2021	MitoFish			
asv.9746									bowtie2;2.4.4;ANACAPA-blca;2021	MitoFish			
asv.9920									bowtie2;2.4.4;ANACAPA-blca;2021	MitoFish			
asv.3259									bowtie2;2.4.4;ANACAPA-blca;2021	MitoFish			
asv.3555									bowtie2;2.4.4;ANACAPA-blca;2021	MitoFish			
asv.9828									bowtie2;2.4.4;ANACAPA-blca;2021	MitoFish			
asv.9292									bowtie2;2.4.4;ANACAPA-blca;2021	MitoFish			
asv.3011									bowtie2;2.4.4;ANACAPA-blca;2021	MitoFish			
asv.8681									bowtie2;2.4.4;ANACAPA-blca;2021	MitoFish			
asv.2994									bowtie2;2.4.4;ANACAPA-blca;2021	MitoFish			
asv.2652									bowtie2;2.4.4;ANACAPA-blca;2021	MitoFish			
asv.2850									bowtie2;2.4.4;ANACAPA-blca;2021	MitoFish			
asv.9975									bowtie2;2.4.4;ANACAPA-blca;2021	MitoFish			
asv.3214									bowtie2;2.4.4;ANACAPA-blca;2021	MitoFish			
asv.10236									bowtie2;2.4.4;ANACAPA-blca;2021	MitoFish			
asv.10181									bowtie2;2.4.4;ANACAPA-blca;2021	MitoFish			
asv.4220									bowtie2;2.4.4;ANACAPA-blca;2021	MitoFish			
asv.10470									bowtie2;2.4.4;ANACAPA-blca;2021	MitoFish			
asv.4295									bowtie2;2.4.4;ANACAPA-blca;2021	MitoFish			
asv.3101									bowtie2;2.4.4;ANACAPA-blca;2021	MitoFish			
asv.3129									bowtie2;2.4.4;ANACAPA-blca;2021	MitoFish			
asv.8314									bowtie2;2.4.4;ANACAPA-blca;2021	MitoFish			
asv.1985									bowtie2;2.4.4;ANACAPA-blca;2021	MitoFish			
asv.10434									bowtie2;2.4.4;ANACAPA-blca;2021	MitoFish			
asv.10133									bowtie2;2.4.4;ANACAPA-blca;2021	MitoFish			
asv.10187									bowtie2;2.4.4;ANACAPA-blca;2021	MitoFish			
asv.2614									bowtie2;2.4.4;ANACAPA-blca;2021	MitoFish			
asv.7842									bowtie2;2.4.4;ANACAPA-blca;2021	MitoFish			
asv.7905									bowtie2;2.4.4;ANACAPA-blca;2021	MitoFish			
asv.2375									bowtie2;2.4.4;ANACAPA-blca;2021	MitoFish			
asv.10068									bowtie2;2.4.4;ANACAPA-blca;2021	MitoFish			
asv.2816									bowtie2;2.4.4;ANACAPA-blca;2021	MitoFish			
asv.10186									bowtie2;2.4.4;ANACAPA-blca;2021	MitoFish			
asv.3974									bowtie2;2.4.4;ANACAPA-blca;2021	MitoFish			
asv.2172									bowtie2;2.4.4;ANACAPA-blca;2021	MitoFish			
asv.10218									bowtie2;2.4.4;ANACAPA-blca;2021	MitoFish			
asv.2914									bowtie2;2.4.4;ANACAPA-blca;2021	MitoFish			
asv.2737									bowtie2;2.4.4;ANACAPA-blca;2021	MitoFish			
asv.3363									bowtie2;2.4.4;ANACAPA-blca;2021	MitoFish			
asv.9426									bowtie2;2.4.4;ANACAPA-blca;2021	MitoFish			
asv.4092									bowtie2;2.4.4;ANACAPA-blca;2021	MitoFish			
asv.9451									bowtie2;2.4.4;ANACAPA-blca;2021	MitoFish			
asv.3186									bowtie2;2.4.4;ANACAPA-blca;2021	MitoFish			
asv.3706									bowtie2;2.4.4;ANACAPA-blca;2021	MitoFish			
asv.3070									bowtie2;2.4.4;ANACAPA-blca;2021	MitoFish			
asv.10255									bowtie2;2.4.4;ANACAPA-blca;2021	MitoFish			
asv.3016									bowtie2;2.4.4;ANACAPA-blca;2021	MitoFish			
asv.3840									bowtie2;2.4.4;ANACAPA-blca;2021	MitoFish			
asv.9795									bowtie2;2.4.4;ANACAPA-blca;2021	MitoFish			
asv.2382									bowtie2;2.4.4;ANACAPA-blca;2021	MitoFish			
asv.9830									bowtie2;2.4.4;ANACAPA-blca;2021	MitoFish			
asv.3834									bowtie2;2.4.4;ANACAPA-blca;2021	MitoFish			
asv.3810									bowtie2;2.4.4;ANACAPA-blca;2021	MitoFish			
asv.2666									bowtie2;2.4.4;ANACAPA-blca;2021	MitoFish			
asv.3441									bowtie2;2.4.4;ANACAPA-blca;2021	MitoFish			
asv.3487									bowtie2;2.4.4;ANACAPA-blca;2021	MitoFish			
asv.3160									bowtie2;2.4.4;ANACAPA-blca;2021	MitoFish			
asv.7726									bowtie2;2.4.4;ANACAPA-blca;2021	MitoFish			
asv.5795									bowtie2;2.4.4;ANACAPA-blca;2021	MitoFish			
asv.9329									bowtie2;2.4.4;ANACAPA-blca;2021	MitoFish			
asv.9804									bowtie2;2.4.4;ANACAPA-blca;2021	MitoFish			
asv.8478									bowtie2;2.4.4;ANACAPA-blca;2021	MitoFish			
asv.10189									bowtie2;2.4.4;ANACAPA-blca;2021	MitoFish			
asv.3058									bowtie2;2.4.4;ANACAPA-blca;2021	MitoFish			
asv.6392									bowtie2;2.4.4;ANACAPA-blca;2021	MitoFish			
asv.9348									bowtie2;2.4.4;ANACAPA-blca;2021	MitoFish			
asv.5418									bowtie2;2.4.4;ANACAPA-blca;2021	MitoFish			
asv.4885									bowtie2;2.4.4;ANACAPA-blca;2021	MitoFish			
asv.3978									bowtie2;2.4.4;ANACAPA-blca;2021	MitoFish			
asv.4566									bowtie2;2.4.4;ANACAPA-blca;2021	MitoFish			
asv.3461									bowtie2;2.4.4;ANACAPA-blca;2021	MitoFish			
asv.6391									bowtie2;2.4.4;ANACAPA-blca;2021	MitoFish			
asv.2867									bowtie2;2.4.4;ANACAPA-blca;2021	MitoFish			
asv.9353									bowtie2;2.4.4;ANACAPA-blca;2021	MitoFish			
asv.2306									bowtie2;2.4.4;ANACAPA-blca;2021	MitoFish			
asv.3712									bowtie2;2.4.4;ANACAPA-blca;2021	MitoFish			
asv.8472									bowtie2;2.4.4;ANACAPA-blca;2021	MitoFish			
asv.2247									bowtie2;2.4.4;ANACAPA-blca;2021	MitoFish			
asv.8063									bowtie2;2.4.4;ANACAPA-blca;2021	MitoFish			
asv.2822									bowtie2;2.4.4;ANACAPA-blca;2021	MitoFish			
asv.10183									bowtie2;2.4.4;ANACAPA-blca;2021	MitoFish			
asv.10215									bowtie2;2.4.4;ANACAPA-blca;2021	MitoFish			
asv.9197									bowtie2;2.4.4;ANACAPA-blca;2021	MitoFish			
asv.3400									bowtie2;2.4.4;ANACAPA-blca;2021	MitoFish			
asv.5010									bowtie2;2.4.4;ANACAPA-blca;2021	MitoFish			
asv.3127									bowtie2;2.4.4;ANACAPA-blca;2021	MitoFish			
asv.9822									bowtie2;2.4.4;ANACAPA-blca;2021	MitoFish			
asv.6892									bowtie2;2.4.4;ANACAPA-blca;2021	MitoFish			
asv.10481									bowtie2;2.4.4;ANACAPA-blca;2021	MitoFish			
asv.3047									bowtie2;2.4.4;ANACAPA-blca;2021	MitoFish			
asv.8498									bowtie2;2.4.4;ANACAPA-blca;2021	MitoFish			
asv.10199									bowtie2;2.4.4;ANACAPA-blca;2021	MitoFish			
asv.10003									bowtie2;2.4.4;ANACAPA-blca;2021	MitoFish			
asv.3777									bowtie2;2.4.4;ANACAPA-blca;2021	MitoFish			
asv.8686									bowtie2;2.4.4;ANACAPA-blca;2021	MitoFish			
asv.3420									bowtie2;2.4.4;ANACAPA-blca;2021	MitoFish			
asv.2939									bowtie2;2.4.4;ANACAPA-blca;2021	MitoFish			
asv.3459									bowtie2;2.4.4;ANACAPA-blca;2021	MitoFish			
asv.8159									bowtie2;2.4.4;ANACAPA-blca;2021	MitoFish			
asv.6404									bowtie2;2.4.4;ANACAPA-blca;2021	MitoFish			
asv.7986									bowtie2;2.4.4;ANACAPA-blca;2021	MitoFish			
asv.10234									bowtie2;2.4.4;ANACAPA-blca;2021	MitoFish			
asv.2368									bowtie2;2.4.4;ANACAPA-blca;2021	MitoFish			
asv.9124									bowtie2;2.4.4;ANACAPA-blca;2021	MitoFish			
asv.6039									bowtie2;2.4.4;ANACAPA-blca;2021	MitoFish			
asv.9750									bowtie2;2.4.4;ANACAPA-blca;2021	MitoFish			
asv.7479									bowtie2;2.4.4;ANACAPA-blca;2021	MitoFish			
asv.9710									bowtie2;2.4.4;ANACAPA-blca;2021	MitoFish			
asv.10048									bowtie2;2.4.4;ANACAPA-blca;2021	MitoFish			
asv.10526									bowtie2;2.4.4;ANACAPA-blca;2021	MitoFish			
asv.4738									bowtie2;2.4.4;ANACAPA-blca;2021	MitoFish			
asv.1769									bowtie2;2.4.4;ANACAPA-blca;2021	MitoFish			
asv.2527									bowtie2;2.4.4;ANACAPA-blca;2021	MitoFish			
asv.4059									bowtie2;2.4.4;ANACAPA-blca;2021	MitoFish			
asv.5804									bowtie2;2.4.4;ANACAPA-blca;2021	MitoFish			
asv.3836									bowtie2;2.4.4;ANACAPA-blca;2021	MitoFish			
asv.2687									bowtie2;2.4.4;ANACAPA-blca;2021	MitoFish			
asv.8696									bowtie2;2.4.4;ANACAPA-blca;2021	MitoFish			
asv.8042									bowtie2;2.4.4;ANACAPA-blca;2021	MitoFish			
asv.9585									bowtie2;2.4.4;ANACAPA-blca;2021	MitoFish			
asv.9801									bowtie2;2.4.4;ANACAPA-blca;2021	MitoFish			
asv.10228									bowtie2;2.4.4;ANACAPA-blca;2021	MitoFish			
asv.3172									bowtie2;2.4.4;ANACAPA-blca;2021	MitoFish			
asv.9615									bowtie2;2.4.4;ANACAPA-blca;2021	MitoFish			
asv.4971									bowtie2;2.4.4;ANACAPA-blca;2021	MitoFish			
asv.7214									bowtie2;2.4.4;ANACAPA-blca;2021	MitoFish			
asv.5512									bowtie2;2.4.4;ANACAPA-blca;2021	MitoFish			
asv.9421									bowtie2;2.4.4;ANACAPA-blca;2021	MitoFish			
asv.2987									bowtie2;2.4.4;ANACAPA-blca;2021	MitoFish			
asv.3111									bowtie2;2.4.4;ANACAPA-blca;2021	MitoFish			
asv.10016									bowtie2;2.4.4;ANACAPA-blca;2021	MitoFish			
asv.9783									bowtie2;2.4.4;ANACAPA-blca;2021	MitoFish			
asv.9749									bowtie2;2.4.4;ANACAPA-blca;2021	MitoFish			
asv.8562									bowtie2;2.4.4;ANACAPA-blca;2021	MitoFish			
asv.9807									bowtie2;2.4.4;ANACAPA-blca;2021	MitoFish			
asv.2971									bowtie2;2.4.4;ANACAPA-blca;2021	MitoFish			
asv.6729									bowtie2;2.4.4;ANACAPA-blca;2021	MitoFish			
asv.2499									bowtie2;2.4.4;ANACAPA-blca;2021	MitoFish			
asv.4841									bowtie2;2.4.4;ANACAPA-blca;2021	MitoFish			
asv.2600									bowtie2;2.4.4;ANACAPA-blca;2021	MitoFish			
asv.3764									bowtie2;2.4.4;ANACAPA-blca;2021	MitoFish			
asv.3108									bowtie2;2.4.4;ANACAPA-blca;2021	MitoFish			
asv.10070									bowtie2;2.4.4;ANACAPA-blca;2021	MitoFish			
asv.3046									bowtie2;2.4.4;ANACAPA-blca;2021	MitoFish			
asv.8181									bowtie2;2.4.4;ANACAPA-blca;2021	MitoFish			
asv.10175									bowtie2;2.4.4;ANACAPA-blca;2021	MitoFish			
asv.10214									bowtie2;2.4.4;ANACAPA-blca;2021	MitoFish			
asv.9797									bowtie2;2.4.4;ANACAPA-blca;2021	MitoFish			
asv.9805									bowtie2;2.4.4;ANACAPA-blca;2021	MitoFish			
asv.3194									bowtie2;2.4.4;ANACAPA-blca;2021	MitoFish			
asv.2642									bowtie2;2.4.4;ANACAPA-blca;2021	MitoFish			
asv.2774									bowtie2;2.4.4;ANACAPA-blca;2021	MitoFish			
asv.9453									bowtie2;2.4.4;ANACAPA-blca;2021	MitoFish			
asv.10545									bowtie2;2.4.4;ANACAPA-blca;2021	MitoFish			
asv.9602									bowtie2;2.4.4;ANACAPA-blca;2021	MitoFish			
asv.9810									bowtie2;2.4.4;ANACAPA-blca;2021	MitoFish			
asv.10626									bowtie2;2.4.4;ANACAPA-blca;2021	MitoFish			
asv.9782									bowtie2;2.4.4;ANACAPA-blca;2021	MitoFish			
asv.10178									bowtie2;2.4.4;ANACAPA-blca;2021	MitoFish			
asv.3282									bowtie2;2.4.4;ANACAPA-blca;2021	MitoFish			
asv.1248									bowtie2;2.4.4;ANACAPA-blca;2021	MitoFish			
asv.9665									bowtie2;2.4.4;ANACAPA-blca;2021	MitoFish			
asv.10619									bowtie2;2.4.4;ANACAPA-blca;2021	MitoFish			
asv.10494									bowtie2;2.4.4;ANACAPA-blca;2021	MitoFish			
asv.9184									bowtie2;2.4.4;ANACAPA-blca;2021	MitoFish			
asv.7560									bowtie2;2.4.4;ANACAPA-blca;2021	MitoFish			
asv.10184									bowtie2;2.4.4;ANACAPA-blca;2021	MitoFish			
asv.7939									bowtie2;2.4.4;ANACAPA-blca;2021	MitoFish			
asv.3570									bowtie2;2.4.4;ANACAPA-blca;2021	MitoFish			
asv.2684									bowtie2;2.4.4;ANACAPA-blca;2021	MitoFish			
asv.7466									bowtie2;2.4.4;ANACAPA-blca;2021	MitoFish			
asv.3532									bowtie2;2.4.4;ANACAPA-blca;2021	MitoFish			
asv.3963									bowtie2;2.4.4;ANACAPA-blca;2021	MitoFish			
asv.4613									bowtie2;2.4.4;ANACAPA-blca;2021	MitoFish			
asv.3937									bowtie2;2.4.4;ANACAPA-blca;2021	MitoFish			
asv.4717									bowtie2;2.4.4;ANACAPA-blca;2021	MitoFish			
asv.3063									bowtie2;2.4.4;ANACAPA-blca;2021	MitoFish			
asv.7982									bowtie2;2.4.4;ANACAPA-blca;2021	MitoFish			
asv.9778									bowtie2;2.4.4;ANACAPA-blca;2021	MitoFish			
asv.10069									bowtie2;2.4.4;ANACAPA-blca;2021	MitoFish			
asv.8999									bowtie2;2.4.4;ANACAPA-blca;2021	MitoFish			
asv.6602									bowtie2;2.4.4;ANACAPA-blca;2021	MitoFish			
asv.9754									bowtie2;2.4.4;ANACAPA-blca;2021	MitoFish			
asv.10330									bowtie2;2.4.4;ANACAPA-blca;2021	MitoFish			
asv.9763									bowtie2;2.4.4;ANACAPA-blca;2021	MitoFish			
asv.3495									bowtie2;2.4.4;ANACAPA-blca;2021	MitoFish			
asv.4441									bowtie2;2.4.4;ANACAPA-blca;2021	MitoFish			
asv.5838									bowtie2;2.4.4;ANACAPA-blca;2021	MitoFish			
asv.3288									bowtie2;2.4.4;ANACAPA-blca;2021	MitoFish			
asv.3199									bowtie2;2.4.4;ANACAPA-blca;2021	MitoFish			
asv.2536									bowtie2;2.4.4;ANACAPA-blca;2021	MitoFish			
asv.10595									bowtie2;2.4.4;ANACAPA-blca;2021	MitoFish			
asv.2411									bowtie2;2.4.4;ANACAPA-blca;2021	MitoFish			
asv.4772									bowtie2;2.4.4;ANACAPA-blca;2021	MitoFish			
asv.9440									bowtie2;2.4.4;ANACAPA-blca;2021	MitoFish			
asv.2815									bowtie2;2.4.4;ANACAPA-blca;2021	MitoFish			
asv.3006									bowtie2;2.4.4;ANACAPA-blca;2021	MitoFish			
asv.4373									bowtie2;2.4.4;ANACAPA-blca;2021	MitoFish			
asv.2866									bowtie2;2.4.4;ANACAPA-blca;2021	MitoFish			
asv.10547									bowtie2;2.4.4;ANACAPA-blca;2021	MitoFish			
asv.2835									bowtie2;2.4.4;ANACAPA-blca;2021	MitoFish			
asv.9752									bowtie2;2.4.4;ANACAPA-blca;2021	MitoFish			
asv.9910									bowtie2;2.4.4;ANACAPA-blca;2021	MitoFish			
asv.2890									bowtie2;2.4.4;ANACAPA-blca;2021	MitoFish			
asv.3427									bowtie2;2.4.4;ANACAPA-blca;2021	MitoFish			
asv.4667									bowtie2;2.4.4;ANACAPA-blca;2021	MitoFish			
asv.10245									bowtie2;2.4.4;ANACAPA-blca;2021	MitoFish			
asv.9022									bowtie2;2.4.4;ANACAPA-blca;2021	MitoFish			
asv.3113									bowtie2;2.4.4;ANACAPA-blca;2021	MitoFish			
asv.2232									bowtie2;2.4.4;ANACAPA-blca;2021	MitoFish			
asv.9177									bowtie2;2.4.4;ANACAPA-blca;2021	MitoFish			
asv.9151									bowtie2;2.4.4;ANACAPA-blca;2021	MitoFish			
asv.3721									bowtie2;2.4.4;ANACAPA-blca;2021	MitoFish			
asv.9777									bowtie2;2.4.4;ANACAPA-blca;2021	MitoFish			
asv.10326									bowtie2;2.4.4;ANACAPA-blca;2021	MitoFish			
asv.2229									bowtie2;2.4.4;ANACAPA-blca;2021	MitoFish			
asv.4445									bowtie2;2.4.4;ANACAPA-blca;2021	MitoFish			
asv.4123									bowtie2;2.4.4;ANACAPA-blca;2021	MitoFish			
asv.10231									bowtie2;2.4.4;ANACAPA-blca;2021	MitoFish			
asv.3324									bowtie2;2.4.4;ANACAPA-blca;2021	MitoFish			
asv.4358									bowtie2;2.4.4;ANACAPA-blca;2021	MitoFish			
asv.9457									bowtie2;2.4.4;ANACAPA-blca;2021	MitoFish			
asv.8671									bowtie2;2.4.4;ANACAPA-blca;2021	MitoFish			
asv.2442									bowtie2;2.4.4;ANACAPA-blca;2021	MitoFish			
asv.9452									bowtie2;2.4.4;ANACAPA-blca;2021	MitoFish			
asv.2222									bowtie2;2.4.4;ANACAPA-blca;2021	MitoFish			
asv.9757									bowtie2;2.4.4;ANACAPA-blca;2021	MitoFish			
asv.9317									bowtie2;2.4.4;ANACAPA-blca;2021	MitoFish			
asv.10006									bowtie2;2.4.4;ANACAPA-blca;2021	MitoFish			
asv.2758									bowtie2;2.4.4;ANACAPA-blca;2021	MitoFish			
asv.9784									bowtie2;2.4.4;ANACAPA-blca;2021	MitoFish			
asv.3222									bowtie2;2.4.4;ANACAPA-blca;2021	MitoFish			
asv.9987									bowtie2;2.4.4;ANACAPA-blca;2021	MitoFish			
asv.5801									bowtie2;2.4.4;ANACAPA-blca;2021	MitoFish			
asv.8501									bowtie2;2.4.4;ANACAPA-blca;2021	MitoFish			
asv.9824									bowtie2;2.4.4;ANACAPA-blca;2021	MitoFish			
asv.4473									bowtie2;2.4.4;ANACAPA-blca;2021	MitoFish			
asv.3348									bowtie2;2.4.4;ANACAPA-blca;2021	MitoFish			
asv.2879									bowtie2;2.4.4;ANACAPA-blca;2021	MitoFish			
asv.9812									bowtie2;2.4.4;ANACAPA-blca;2021	MitoFish			
asv.2453									bowtie2;2.4.4;ANACAPA-blca;2021	MitoFish			
asv.10553									bowtie2;2.4.4;ANACAPA-blca;2021	MitoFish			
asv.9908									bowtie2;2.4.4;ANACAPA-blca;2021	MitoFish			
asv.10498									bowtie2;2.4.4;ANACAPA-blca;2021	MitoFish			
asv.9913									bowtie2;2.4.4;ANACAPA-blca;2021	MitoFish			
asv.9446									bowtie2;2.4.4;ANACAPA-blca;2021	MitoFish			
asv.10206									bowtie2;2.4.4;ANACAPA-blca;2021	MitoFish			
asv.1361									bowtie2;2.4.4;ANACAPA-blca;2021	MitoFish			
asv.2743									bowtie2;2.4.4;ANACAPA-blca;2021	MitoFish			
asv.3269									bowtie2;2.4.4;ANACAPA-blca;2021	MitoFish			
asv.3110									bowtie2;2.4.4;ANACAPA-blca;2021	MitoFish			
asv.3332									bowtie2;2.4.4;ANACAPA-blca;2021	MitoFish			
asv.2459									bowtie2;2.4.4;ANACAPA-blca;2021	MitoFish			
asv.7050									bowtie2;2.4.4;ANACAPA-blca;2021	MitoFish			
asv.9740									bowtie2;2.4.4;ANACAPA-blca;2021	MitoFish			
asv.4232									bowtie2;2.4.4;ANACAPA-blca;2021	MitoFish			
asv.9739									bowtie2;2.4.4;ANACAPA-blca;2021	MitoFish			
asv.10018									bowtie2;2.4.4;ANACAPA-blca;2021	MitoFish			
asv.7912									bowtie2;2.4.4;ANACAPA-blca;2021	MitoFish			
asv.9817									bowtie2;2.4.4;ANACAPA-blca;2021	MitoFish			
asv.8792									bowtie2;2.4.4;ANACAPA-blca;2021	MitoFish			
asv.6601									bowtie2;2.4.4;ANACAPA-blca;2021	MitoFish			
asv.8490									bowtie2;2.4.4;ANACAPA-blca;2021	MitoFish			
asv.10621									bowtie2;2.4.4;ANACAPA-blca;2021	MitoFish			
asv.8844									bowtie2;2.4.4;ANACAPA-blca;2021	MitoFish			
asv.2125									bowtie2;2.4.4;ANACAPA-blca;2021	MitoFish			
asv.8410									bowtie2;2.4.4;ANACAPA-blca;2021	MitoFish			
asv.3061									bowtie2;2.4.4;ANACAPA-blca;2021	MitoFish			
asv.3544									bowtie2;2.4.4;ANACAPA-blca;2021	MitoFish			
asv.9419									bowtie2;2.4.4;ANACAPA-blca;2021	MitoFish			
asv.8483									bowtie2;2.4.4;ANACAPA-blca;2021	MitoFish			
asv.6380									bowtie2;2.4.4;ANACAPA-blca;2021	MitoFish			
asv.10455									bowtie2;2.4.4;ANACAPA-blca;2021	MitoFish			
asv.9664									bowtie2;2.4.4;ANACAPA-blca;2021	MitoFish			
asv.10143									bowtie2;2.4.4;ANACAPA-blca;2021	MitoFish			
asv.5391									bowtie2;2.4.4;ANACAPA-blca;2021	MitoFish			
asv.9921									bowtie2;2.4.4;ANACAPA-blca;2021	MitoFish			
asv.4106									bowtie2;2.4.4;ANACAPA-blca;2021	MitoFish			
asv.4024									bowtie2;2.4.4;ANACAPA-blca;2021	MitoFish			
asv.9660									bowtie2;2.4.4;ANACAPA-blca;2021	MitoFish			
asv.9094									bowtie2;2.4.4;ANACAPA-blca;2021	MitoFish			
asv.10015									bowtie2;2.4.4;ANACAPA-blca;2021	MitoFish			
asv.6968									bowtie2;2.4.4;ANACAPA-blca;2021	MitoFish			
asv.9199									bowtie2;2.4.4;ANACAPA-blca;2021	MitoFish			
asv.4721									bowtie2;2.4.4;ANACAPA-blca;2021	MitoFish			
asv.3045									bowtie2;2.4.4;ANACAPA-blca;2021	MitoFish			
asv.8122									bowtie2;2.4.4;ANACAPA-blca;2021	MitoFish			
asv.4208									bowtie2;2.4.4;ANACAPA-blca;2021	MitoFish			
asv.6878									bowtie2;2.4.4;ANACAPA-blca;2021	MitoFish			
asv.9425									bowtie2;2.4.4;ANACAPA-blca;2021	MitoFish			
asv.2597									bowtie2;2.4.4;ANACAPA-blca;2021	MitoFish			
asv.2995									bowtie2;2.4.4;ANACAPA-blca;2021	MitoFish			
asv.2618									bowtie2;2.4.4;ANACAPA-blca;2021	MitoFish			
asv.10188									bowtie2;2.4.4;ANACAPA-blca;2021	MitoFish			
asv.10193									bowtie2;2.4.4;ANACAPA-blca;2021	MitoFish			
asv.9748									bowtie2;2.4.4;ANACAPA-blca;2021	MitoFish			
asv.9172									bowtie2;2.4.4;ANACAPA-blca;2021	MitoFish			
asv.5986									bowtie2;2.4.4;ANACAPA-blca;2021	MitoFish			
asv.9427									bowtie2;2.4.4;ANACAPA-blca;2021	MitoFish			
asv.7226									bowtie2;2.4.4;ANACAPA-blca;2021	MitoFish			
asv.5825									bowtie2;2.4.4;ANACAPA-blca;2021	MitoFish			
asv.8238									bowtie2;2.4.4;ANACAPA-blca;2021	MitoFish			
asv.9833									bowtie2;2.4.4;ANACAPA-blca;2021	MitoFish			
asv.10486									bowtie2;2.4.4;ANACAPA-blca;2021	MitoFish			
asv.3193									bowtie2;2.4.4;ANACAPA-blca;2021	MitoFish			
asv.3208									bowtie2;2.4.4;ANACAPA-blca;2021	MitoFish			
asv.9191									bowtie2;2.4.4;ANACAPA-blca;2021	MitoFish			
asv.5032									bowtie2;2.4.4;ANACAPA-blca;2021	MitoFish			
asv.2550									bowtie2;2.4.4;ANACAPA-blca;2021	MitoFish			
asv.2480									bowtie2;2.4.4;ANACAPA-blca;2021	MitoFish			
asv.4246									bowtie2;2.4.4;ANACAPA-blca;2021	MitoFish			
asv.2834									bowtie2;2.4.4;ANACAPA-blca;2021	MitoFish			
asv.5156									bowtie2;2.4.4;ANACAPA-blca;2021	MitoFish			
asv.3372									bowtie2;2.4.4;ANACAPA-blca;2021	MitoFish			
asv.5746									bowtie2;2.4.4;ANACAPA-blca;2021	MitoFish			
asv.9835									bowtie2;2.4.4;ANACAPA-blca;2021	MitoFish			
asv.5574									bowtie2;2.4.4;ANACAPA-blca;2021	MitoFish			
asv.8577									bowtie2;2.4.4;ANACAPA-blca;2021	MitoFish			
asv.10030									bowtie2;2.4.4;ANACAPA-blca;2021	MitoFish			
asv.2625									bowtie2;2.4.4;ANACAPA-blca;2021	MitoFish			
asv.9154									bowtie2;2.4.4;ANACAPA-blca;2021	MitoFish			
asv.2521									bowtie2;2.4.4;ANACAPA-blca;2021	MitoFish			
asv.2922									bowtie2;2.4.4;ANACAPA-blca;2021	MitoFish			
asv.9792									bowtie2;2.4.4;ANACAPA-blca;2021	MitoFish			
asv.9818									bowtie2;2.4.4;ANACAPA-blca;2021	MitoFish			
asv.10546									bowtie2;2.4.4;ANACAPA-blca;2021	MitoFish			
asv.10363									bowtie2;2.4.4;ANACAPA-blca;2021	MitoFish			
asv.2762									bowtie2;2.4.4;ANACAPA-blca;2021	MitoFish			
asv.9925									bowtie2;2.4.4;ANACAPA-blca;2021	MitoFish			
asv.5782									bowtie2;2.4.4;ANACAPA-blca;2021	MitoFish			
asv.6958									bowtie2;2.4.4;ANACAPA-blca;2021	MitoFish			
asv.8865									bowtie2;2.4.4;ANACAPA-blca;2021	MitoFish			
asv.2708									bowtie2;2.4.4;ANACAPA-blca;2021	MitoFish			
asv.10229									bowtie2;2.4.4;ANACAPA-blca;2021	MitoFish			
asv.9028									bowtie2;2.4.4;ANACAPA-blca;2021	MitoFish			
asv.9424									bowtie2;2.4.4;ANACAPA-blca;2021	MitoFish			
asv.5660									bowtie2;2.4.4;ANACAPA-blca;2021	MitoFish			
asv.8651									bowtie2;2.4.4;ANACAPA-blca;2021	MitoFish			
asv.9974									bowtie2;2.4.4;ANACAPA-blca;2021	MitoFish			
asv.8693									bowtie2;2.4.4;ANACAPA-blca;2021	MitoFish			
asv.8206									bowtie2;2.4.4;ANACAPA-blca;2021	MitoFish			
asv.3489									bowtie2;2.4.4;ANACAPA-blca;2021	MitoFish			
asv.9988									bowtie2;2.4.4;ANACAPA-blca;2021	MitoFish			
asv.10247									bowtie2;2.4.4;ANACAPA-blca;2021	MitoFish			
asv.9418									bowtie2;2.4.4;ANACAPA-blca;2021	MitoFish			
asv.7117									bowtie2;2.4.4;ANACAPA-blca;2021	MitoFish			
asv.7686									bowtie2;2.4.4;ANACAPA-blca;2021	MitoFish			
asv.10456									bowtie2;2.4.4;ANACAPA-blca;2021	MitoFish			
asv.3157									bowtie2;2.4.4;ANACAPA-blca;2021	MitoFish			
asv.4575									bowtie2;2.4.4;ANACAPA-blca;2021	MitoFish			
asv.10062									bowtie2;2.4.4;ANACAPA-blca;2021	MitoFish			
asv.6964									bowtie2;2.4.4;ANACAPA-blca;2021	MitoFish			
asv.10235									bowtie2;2.4.4;ANACAPA-blca;2021	MitoFish			
asv.9420									bowtie2;2.4.4;ANACAPA-blca;2021	MitoFish			
asv.3040									bowtie2;2.4.4;ANACAPA-blca;2021	MitoFish			
asv.2704									bowtie2;2.4.4;ANACAPA-blca;2021	MitoFish			
asv.3271									bowtie2;2.4.4;ANACAPA-blca;2021	MitoFish			
asv.6758									bowtie2;2.4.4;ANACAPA-blca;2021	MitoFish			
asv.2384									bowtie2;2.4.4;ANACAPA-blca;2021	MitoFish			
asv.9294									bowtie2;2.4.4;ANACAPA-blca;2021	MitoFish			
asv.3220									bowtie2;2.4.4;ANACAPA-blca;2021	MitoFish			
asv.9468									bowtie2;2.4.4;ANACAPA-blca;2021	MitoFish			
asv.3844									bowtie2;2.4.4;ANACAPA-blca;2021	MitoFish			
asv.10475									bowtie2;2.4.4;ANACAPA-blca;2021	MitoFish			
asv.10402									bowtie2;2.4.4;ANACAPA-blca;2021	MitoFish			
asv.9742									bowtie2;2.4.4;ANACAPA-blca;2021	MitoFish			
asv.8284									bowtie2;2.4.4;ANACAPA-blca;2021	MitoFish			
asv.3267									bowtie2;2.4.4;ANACAPA-blca;2021	MitoFish			
asv.5475									bowtie2;2.4.4;ANACAPA-blca;2021	MitoFish			
asv.10610									bowtie2;2.4.4;ANACAPA-blca;2021	MitoFish			
asv.2449									bowtie2;2.4.4;ANACAPA-blca;2021	MitoFish			
asv.3433									bowtie2;2.4.4;ANACAPA-blca;2021	MitoFish			
asv.10073									bowtie2;2.4.4;ANACAPA-blca;2021	MitoFish			
asv.6366									bowtie2;2.4.4;ANACAPA-blca;2021	MitoFish			
asv.2026									bowtie2;2.4.4;ANACAPA-blca;2021	MitoFish			
asv.3221									bowtie2;2.4.4;ANACAPA-blca;2021	MitoFish			
asv.2063									bowtie2;2.4.4;ANACAPA-blca;2021	MitoFish			
asv.9162									bowtie2;2.4.4;ANACAPA-blca;2021	MitoFish			
asv.9584									bowtie2;2.4.4;ANACAPA-blca;2021	MitoFish			
asv.9088									bowtie2;2.4.4;ANACAPA-blca;2021	MitoFish			
asv.9932									bowtie2;2.4.4;ANACAPA-blca;2021	MitoFish			
asv.5141									bowtie2;2.4.4;ANACAPA-blca;2021	MitoFish			
asv.9919									bowtie2;2.4.4;ANACAPA-blca;2021	MitoFish			
asv.3882									bowtie2;2.4.4;ANACAPA-blca;2021	MitoFish			
asv.4659									bowtie2;2.4.4;ANACAPA-blca;2021	MitoFish			
asv.9607									bowtie2;2.4.4;ANACAPA-blca;2021	MitoFish			
asv.3666									bowtie2;2.4.4;ANACAPA-blca;2021	MitoFish			
asv.3494									bowtie2;2.4.4;ANACAPA-blca;2021	MitoFish			
asv.2959									bowtie2;2.4.4;ANACAPA-blca;2021	MitoFish			
asv.7498									bowtie2;2.4.4;ANACAPA-blca;2021	MitoFish			
asv.2470									bowtie2;2.4.4;ANACAPA-blca;2021	MitoFish			
asv.7780									bowtie2;2.4.4;ANACAPA-blca;2021	MitoFish			
asv.8903									bowtie2;2.4.4;ANACAPA-blca;2021	MitoFish			
asv.4905									bowtie2;2.4.4;ANACAPA-blca;2021	MitoFish			
asv.8869									bowtie2;2.4.4;ANACAPA-blca;2021	MitoFish			
asv.10376									bowtie2;2.4.4;ANACAPA-blca;2021	MitoFish			
asv.10241									bowtie2;2.4.4;ANACAPA-blca;2021	MitoFish			
asv.9466									bowtie2;2.4.4;ANACAPA-blca;2021	MitoFish			
asv.9627									bowtie2;2.4.4;ANACAPA-blca;2021	MitoFish			
asv.3165									bowtie2;2.4.4;ANACAPA-blca;2021	MitoFish			
asv.9430									bowtie2;2.4.4;ANACAPA-blca;2021	MitoFish			
asv.7687									bowtie2;2.4.4;ANACAPA-blca;2021	MitoFish			
asv.9756									bowtie2;2.4.4;ANACAPA-blca;2021	MitoFish			
asv.2818									bowtie2;2.4.4;ANACAPA-blca;2021	MitoFish			
asv.3244									bowtie2;2.4.4;ANACAPA-blca;2021	MitoFish			
asv.9741									bowtie2;2.4.4;ANACAPA-blca;2021	MitoFish			
asv.4656									bowtie2;2.4.4;ANACAPA-blca;2021	MitoFish			
asv.10410									bowtie2;2.4.4;ANACAPA-blca;2021	MitoFish			
asv.9396									bowtie2;2.4.4;ANACAPA-blca;2021	MitoFish			
asv.9397									bowtie2;2.4.4;ANACAPA-blca;2021	MitoFish			
asv.9776									bowtie2;2.4.4;ANACAPA-blca;2021	MitoFish			
asv.9765									bowtie2;2.4.4;ANACAPA-blca;2021	MitoFish			
asv.3644									bowtie2;2.4.4;ANACAPA-blca;2021	MitoFish			
asv.9442									bowtie2;2.4.4;ANACAPA-blca;2021	MitoFish			
asv.7131									bowtie2;2.4.4;ANACAPA-blca;2021	MitoFish			
asv.5484									bowtie2;2.4.4;ANACAPA-blca;2021	MitoFish			
asv.10177									bowtie2;2.4.4;ANACAPA-blca;2021	MitoFish			
asv.6584									bowtie2;2.4.4;ANACAPA-blca;2021	MitoFish			
asv.9148									bowtie2;2.4.4;ANACAPA-blca;2021	MitoFish			
asv.3146									bowtie2;2.4.4;ANACAPA-blca;2021	MitoFish			
asv.5438									bowtie2;2.4.4;ANACAPA-blca;2021	MitoFish			
asv.9437									bowtie2;2.4.4;ANACAPA-blca;2021	MitoFish			
asv.10534									bowtie2;2.4.4;ANACAPA-blca;2021	MitoFish			
asv.10338									bowtie2;2.4.4;ANACAPA-blca;2021	MitoFish			
asv.9066									bowtie2;2.4.4;ANACAPA-blca;2021	MitoFish			
asv.6669									bowtie2;2.4.4;ANACAPA-blca;2021	MitoFish			
asv.10194									bowtie2;2.4.4;ANACAPA-blca;2021	MitoFish			
asv.9156									bowtie2;2.4.4;ANACAPA-blca;2021	MitoFish			
asv.10484									bowtie2;2.4.4;ANACAPA-blca;2021	MitoFish			
asv.2205									bowtie2;2.4.4;ANACAPA-blca;2021	MitoFish			
asv.2094									bowtie2;2.4.4;ANACAPA-blca;2021	MitoFish			
asv.5325									bowtie2;2.4.4;ANACAPA-blca;2021	MitoFish			
asv.4584									bowtie2;2.4.4;ANACAPA-blca;2021	MitoFish			
asv.4209									bowtie2;2.4.4;ANACAPA-blca;2021	MitoFish			
asv.2573									bowtie2;2.4.4;ANACAPA-blca;2021	MitoFish			
asv.9794									bowtie2;2.4.4;ANACAPA-blca;2021	MitoFish			
asv.6194									bowtie2;2.4.4;ANACAPA-blca;2021	MitoFish			
asv.2990									bowtie2;2.4.4;ANACAPA-blca;2021	MitoFish			
asv.8697									bowtie2;2.4.4;ANACAPA-blca;2021	MitoFish			
asv.10542									bowtie2;2.4.4;ANACAPA-blca;2021	MitoFish			
asv.9747									bowtie2;2.4.4;ANACAPA-blca;2021	MitoFish			
asv.2883									bowtie2;2.4.4;ANACAPA-blca;2021	MitoFish			
asv.3128									bowtie2;2.4.4;ANACAPA-blca;2021	MitoFish			
asv.9982									bowtie2;2.4.4;ANACAPA-blca;2021	MitoFish			
asv.3289									bowtie2;2.4.4;ANACAPA-blca;2021	MitoFish			
asv.4840									bowtie2;2.4.4;ANACAPA-blca;2021	MitoFish			
asv.2734									bowtie2;2.4.4;ANACAPA-blca;2021	MitoFish			
asv.9160									bowtie2;2.4.4;ANACAPA-blca;2021	MitoFish			
asv.4632									bowtie2;2.4.4;ANACAPA-blca;2021	MitoFish			
asv.3210									bowtie2;2.4.4;ANACAPA-blca;2021	MitoFish			
asv.6143									bowtie2;2.4.4;ANACAPA-blca;2021	MitoFish			
asv.8160									bowtie2;2.4.4;ANACAPA-blca;2021	MitoFish			
asv.2935									bowtie2;2.4.4;ANACAPA-blca;2021	MitoFish			
asv.4504									bowtie2;2.4.4;ANACAPA-blca;2021	MitoFish			
asv.9738									bowtie2;2.4.4;ANACAPA-blca;2021	MitoFish			
asv.9645									bowtie2;2.4.4;ANACAPA-blca;2021	MitoFish			
asv.3794									bowtie2;2.4.4;ANACAPA-blca;2021	MitoFish			
asv.9309									bowtie2;2.4.4;ANACAPA-blca;2021	MitoFish			
asv.5070									bowtie2;2.4.4;ANACAPA-blca;2021	MitoFish			
asv.10080									bowtie2;2.4.4;ANACAPA-blca;2021	MitoFish			
asv.2958									bowtie2;2.4.4;ANACAPA-blca;2021	MitoFish			
asv.3592									bowtie2;2.4.4;ANACAPA-blca;2021	MitoFish			
asv.9480									bowtie2;2.4.4;ANACAPA-blca;2021	MitoFish			
asv.9633									bowtie2;2.4.4;ANACAPA-blca;2021	MitoFish			
asv.10375									bowtie2;2.4.4;ANACAPA-blca;2021	MitoFish			
asv.4084									bowtie2;2.4.4;ANACAPA-blca;2021	MitoFish			
asv.3272									bowtie2;2.4.4;ANACAPA-blca;2021	MitoFish			
asv.6644									bowtie2;2.4.4;ANACAPA-blca;2021	MitoFish			
asv.8583									bowtie2;2.4.4;ANACAPA-blca;2021	MitoFish			
asv.9819									bowtie2;2.4.4;ANACAPA-blca;2021	MitoFish			
asv.2128									bowtie2;2.4.4;ANACAPA-blca;2021	MitoFish			
asv.3490									bowtie2;2.4.4;ANACAPA-blca;2021	MitoFish			
asv.2789									bowtie2;2.4.4;ANACAPA-blca;2021	MitoFish			
asv.9799									bowtie2;2.4.4;ANACAPA-blca;2021	MitoFish			
asv.5491									bowtie2;2.4.4;ANACAPA-blca;2021	MitoFish			
asv.9352									bowtie2;2.4.4;ANACAPA-blca;2021	MitoFish			
asv.5258									bowtie2;2.4.4;ANACAPA-blca;2021	MitoFish			
asv.10593									bowtie2;2.4.4;ANACAPA-blca;2021	MitoFish			
asv.5117									bowtie2;2.4.4;ANACAPA-blca;2021	MitoFish			
asv.8846									bowtie2;2.4.4;ANACAPA-blca;2021	MitoFish			
asv.8675									bowtie2;2.4.4;ANACAPA-blca;2021	MitoFish			
asv.3018									bowtie2;2.4.4;ANACAPA-blca;2021	MitoFish			
asv.9004									bowtie2;2.4.4;ANACAPA-blca;2021	MitoFish			
asv.8493									bowtie2;2.4.4;ANACAPA-blca;2021	MitoFish			
asv.9188									bowtie2;2.4.4;ANACAPA-blca;2021	MitoFish			
asv.3714									bowtie2;2.4.4;ANACAPA-blca;2021	MitoFish			
asv.3812									bowtie2;2.4.4;ANACAPA-blca;2021	MitoFish			
asv.8563									bowtie2;2.4.4;ANACAPA-blca;2021	MitoFish			
asv.4806									bowtie2;2.4.4;ANACAPA-blca;2021	MitoFish			
asv.8429									bowtie2;2.4.4;ANACAPA-blca;2021	MitoFish			
asv.8180									bowtie2;2.4.4;ANACAPA-blca;2021	MitoFish			
asv.4818									bowtie2;2.4.4;ANACAPA-blca;2021	MitoFish			
asv.2014									bowtie2;2.4.4;ANACAPA-blca;2021	MitoFish			
asv.2651									bowtie2;2.4.4;ANACAPA-blca;2021	MitoFish			
asv.3379									bowtie2;2.4.4;ANACAPA-blca;2021	MitoFish			
asv.3119									bowtie2;2.4.4;ANACAPA-blca;2021	MitoFish			
asv.8914									bowtie2;2.4.4;ANACAPA-blca;2021	MitoFish			
asv.2829									bowtie2;2.4.4;ANACAPA-blca;2021	MitoFish			
asv.2764									bowtie2;2.4.4;ANACAPA-blca;2021	MitoFish			
asv.10182									bowtie2;2.4.4;ANACAPA-blca;2021	MitoFish			
asv.3294									bowtie2;2.4.4;ANACAPA-blca;2021	MitoFish			
asv.9663									bowtie2;2.4.4;ANACAPA-blca;2021	MitoFish			
asv.6237									bowtie2;2.4.4;ANACAPA-blca;2021	MitoFish			
asv.10205									bowtie2;2.4.4;ANACAPA-blca;2021	MitoFish			
asv.10541									bowtie2;2.4.4;ANACAPA-blca;2021	MitoFish			
asv.10185									bowtie2;2.4.4;ANACAPA-blca;2021	MitoFish			
asv.10479									bowtie2;2.4.4;ANACAPA-blca;2021	MitoFish			
asv.10002									bowtie2;2.4.4;ANACAPA-blca;2021	MitoFish			
asv.8285									bowtie2;2.4.4;ANACAPA-blca;2021	MitoFish			
asv.3153									bowtie2;2.4.4;ANACAPA-blca;2021	MitoFish			
asv.8881									bowtie2;2.4.4;ANACAPA-blca;2021	MitoFish			
asv.5312									bowtie2;2.4.4;ANACAPA-blca;2021	MitoFish			
asv.3133									bowtie2;2.4.4;ANACAPA-blca;2021	MitoFish			
asv.3354									bowtie2;2.4.4;ANACAPA-blca;2021	MitoFish			
asv.4474									bowtie2;2.4.4;ANACAPA-blca;2021	MitoFish			
asv.8804									bowtie2;2.4.4;ANACAPA-blca;2021	MitoFish			
asv.3650									bowtie2;2.4.4;ANACAPA-blca;2021	MitoFish			
asv.9067									bowtie2;2.4.4;ANACAPA-blca;2021	MitoFish			
asv.6818									bowtie2;2.4.4;ANACAPA-blca;2021	MitoFish			
asv.3596									bowtie2;2.4.4;ANACAPA-blca;2021	MitoFish			
asv.3590									bowtie2;2.4.4;ANACAPA-blca;2021	MitoFish			
asv.2432									bowtie2;2.4.4;ANACAPA-blca;2021	MitoFish			
asv.4477									bowtie2;2.4.4;ANACAPA-blca;2021	MitoFish			
asv.1404									bowtie2;2.4.4;ANACAPA-blca;2021	MitoFish			
asv.2392									bowtie2;2.4.4;ANACAPA-blca;2021	MitoFish			
asv.10584									bowtie2;2.4.4;ANACAPA-blca;2021	MitoFish			
asv.3093									bowtie2;2.4.4;ANACAPA-blca;2021	MitoFish			
asv.10005									bowtie2;2.4.4;ANACAPA-blca;2021	MitoFish			
asv.8599									bowtie2;2.4.4;ANACAPA-blca;2021	MitoFish			
asv.5279									bowtie2;2.4.4;ANACAPA-blca;2021	MitoFish			
asv.4736									bowtie2;2.4.4;ANACAPA-blca;2021	MitoFish			
asv.10538									bowtie2;2.4.4;ANACAPA-blca;2021	MitoFish			
asv.1810									bowtie2;2.4.4;ANACAPA-blca;2021	MitoFish			
asv.4649									bowtie2;2.4.4;ANACAPA-blca;2021	MitoFish			
asv.2679									bowtie2;2.4.4;ANACAPA-blca;2021	MitoFish			
asv.10196									bowtie2;2.4.4;ANACAPA-blca;2021	MitoFish			
asv.9793									bowtie2;2.4.4;ANACAPA-blca;2021	MitoFish			
asv.9744									bowtie2;2.4.4;ANACAPA-blca;2021	MitoFish			
asv.9773									bowtie2;2.4.4;ANACAPA-blca;2021	MitoFish			
asv.9775									bowtie2;2.4.4;ANACAPA-blca;2021	MitoFish			
asv.5420									bowtie2;2.4.4;ANACAPA-blca;2021	MitoFish			
asv.7994									bowtie2;2.4.4;ANACAPA-blca;2021	MitoFish			
asv.10028									bowtie2;2.4.4;ANACAPA-blca;2021	MitoFish			
asv.10480									bowtie2;2.4.4;ANACAPA-blca;2021	MitoFish			
asv.3341									bowtie2;2.4.4;ANACAPA-blca;2021	MitoFish			
asv.9998									bowtie2;2.4.4;ANACAPA-blca;2021	MitoFish			
asv.9392									bowtie2;2.4.4;ANACAPA-blca;2021	MitoFish			
asv.8676									bowtie2;2.4.4;ANACAPA-blca;2021	MitoFish			
asv.9313									bowtie2;2.4.4;ANACAPA-blca;2021	MitoFish			
asv.6649									bowtie2;2.4.4;ANACAPA-blca;2021	MitoFish			
asv.9070									bowtie2;2.4.4;ANACAPA-blca;2021	MitoFish			
asv.10340									bowtie2;2.4.4;ANACAPA-blca;2021	MitoFish			
asv.9769									bowtie2;2.4.4;ANACAPA-blca;2021	MitoFish			
asv.10540									bowtie2;2.4.4;ANACAPA-blca;2021	MitoFish			
asv.10220									bowtie2;2.4.4;ANACAPA-blca;2021	MitoFish			
asv.10192									bowtie2;2.4.4;ANACAPA-blca;2021	MitoFish			
asv.9809									bowtie2;2.4.4;ANACAPA-blca;2021	MitoFish			
asv.2658									bowtie2;2.4.4;ANACAPA-blca;2021	MitoFish			
asv.10227									bowtie2;2.4.4;ANACAPA-blca;2021	MitoFish			
asv.3002									bowtie2;2.4.4;ANACAPA-blca;2021	MitoFish			
asv.9301									bowtie2;2.4.4;ANACAPA-blca;2021	MitoFish			
asv.7807									bowtie2;2.4.4;ANACAPA-blca;2021	MitoFish			
asv.4101									bowtie2;2.4.4;ANACAPA-blca;2021	MitoFish			
asv.9579									bowtie2;2.4.4;ANACAPA-blca;2021	MitoFish			
asv.9601									bowtie2;2.4.4;ANACAPA-blca;2021	MitoFish			
asv.9157									bowtie2;2.4.4;ANACAPA-blca;2021	MitoFish			
asv.10250									bowtie2;2.4.4;ANACAPA-blca;2021	MitoFish			
asv.6467									bowtie2;2.4.4;ANACAPA-blca;2021	MitoFish			
asv.10135									bowtie2;2.4.4;ANACAPA-blca;2021	MitoFish			
asv.4640									bowtie2;2.4.4;ANACAPA-blca;2021	MitoFish			
asv.9798									bowtie2;2.4.4;ANACAPA-blca;2021	MitoFish			
asv.3804									bowtie2;2.4.4;ANACAPA-blca;2021	MitoFish			
asv.2448									bowtie2;2.4.4;ANACAPA-blca;2021	MitoFish			
asv.2695									bowtie2;2.4.4;ANACAPA-blca;2021	MitoFish			
asv.3190									bowtie2;2.4.4;ANACAPA-blca;2021	MitoFish			
asv.6236									bowtie2;2.4.4;ANACAPA-blca;2021	MitoFish			
asv.10473									bowtie2;2.4.4;ANACAPA-blca;2021	MitoFish			
asv.2932									bowtie2;2.4.4;ANACAPA-blca;2021	MitoFish			
asv.2507									bowtie2;2.4.4;ANACAPA-blca;2021	MitoFish			
asv.7838									bowtie2;2.4.4;ANACAPA-blca;2021	MitoFish			
asv.10127									bowtie2;2.4.4;ANACAPA-blca;2021	MitoFish			
asv.2891									bowtie2;2.4.4;ANACAPA-blca;2021	MitoFish			
asv.3303									bowtie2;2.4.4;ANACAPA-blca;2021	MitoFish			
asv.3004									bowtie2;2.4.4;ANACAPA-blca;2021	MitoFish			
asv.7215									bowtie2;2.4.4;ANACAPA-blca;2021	MitoFish			
asv.9463									bowtie2;2.4.4;ANACAPA-blca;2021	MitoFish			
asv.9152									bowtie2;2.4.4;ANACAPA-blca;2021	MitoFish			
asv.10017									bowtie2;2.4.4;ANACAPA-blca;2021	MitoFish			
asv.2170									bowtie2;2.4.4;ANACAPA-blca;2021	MitoFish			
asv.10201									bowtie2;2.4.4;ANACAPA-blca;2021	MitoFish			
asv.2158									bowtie2;2.4.4;ANACAPA-blca;2021	MitoFish			
asv.3761									bowtie2;2.4.4;ANACAPA-blca;2021	MitoFish			
asv.9785									bowtie2;2.4.4;ANACAPA-blca;2021	MitoFish			
asv.2608									bowtie2;2.4.4;ANACAPA-blca;2021	MitoFish			
asv.10490									bowtie2;2.4.4;ANACAPA-blca;2021	MitoFish			
asv.9598									bowtie2;2.4.4;ANACAPA-blca;2021	MitoFish			
asv.3141									bowtie2;2.4.4;ANACAPA-blca;2021	MitoFish			
asv.7933									bowtie2;2.4.4;ANACAPA-blca;2021	MitoFish			
asv.4242									bowtie2;2.4.4;ANACAPA-blca;2021	MitoFish			
asv.10421									bowtie2;2.4.4;ANACAPA-blca;2021	MitoFish			
asv.2126									bowtie2;2.4.4;ANACAPA-blca;2021	MitoFish			
asv.10544									bowtie2;2.4.4;ANACAPA-blca;2021	MitoFish			
asv.7995									bowtie2;2.4.4;ANACAPA-blca;2021	MitoFish			
asv.3112									bowtie2;2.4.4;ANACAPA-blca;2021	MitoFish			
asv.2667									bowtie2;2.4.4;ANACAPA-blca;2021	MitoFish			
asv.2823									bowtie2;2.4.4;ANACAPA-blca;2021	MitoFish			
asv.3158									bowtie2;2.4.4;ANACAPA-blca;2021	MitoFish			
asv.8664									bowtie2;2.4.4;ANACAPA-blca;2021	MitoFish			
asv.2892									bowtie2;2.4.4;ANACAPA-blca;2021	MitoFish			
asv.9758									bowtie2;2.4.4;ANACAPA-blca;2021	MitoFish			
asv.3001									bowtie2;2.4.4;ANACAPA-blca;2021	MitoFish			
asv.9751									bowtie2;2.4.4;ANACAPA-blca;2021	MitoFish			
asv.2646									bowtie2;2.4.4;ANACAPA-blca;2021	MitoFish			
asv.8743									bowtie2;2.4.4;ANACAPA-blca;2021	MitoFish			
asv.3565									bowtie2;2.4.4;ANACAPA-blca;2021	MitoFish			
asv.2964									bowtie2;2.4.4;ANACAPA-blca;2021	MitoFish			
asv.9423									bowtie2;2.4.4;ANACAPA-blca;2021	MitoFish			
asv.2451									bowtie2;2.4.4;ANACAPA-blca;2021	MitoFish			
asv.2779									bowtie2;2.4.4;ANACAPA-blca;2021	MitoFish			
asv.3322									bowtie2;2.4.4;ANACAPA-blca;2021	MitoFish			
asv.3533									bowtie2;2.4.4;ANACAPA-blca;2021	MitoFish			
asv.3352									bowtie2;2.4.4;ANACAPA-blca;2021	MitoFish			
asv.9149									bowtie2;2.4.4;ANACAPA-blca;2021	MitoFish			
asv.9351									bowtie2;2.4.4;ANACAPA-blca;2021	MitoFish			
asv.2806									bowtie2;2.4.4;ANACAPA-blca;2021	MitoFish			
asv.3718									bowtie2;2.4.4;ANACAPA-blca;2021	MitoFish			
asv.9153									bowtie2;2.4.4;ANACAPA-blca;2021	MitoFish			
asv.10543									bowtie2;2.4.4;ANACAPA-blca;2021	MitoFish			
asv.2264									bowtie2;2.4.4;ANACAPA-blca;2021	MitoFish			
asv.8767									bowtie2;2.4.4;ANACAPA-blca;2021	MitoFish			
asv.2717									bowtie2;2.4.4;ANACAPA-blca;2021	MitoFish			
asv.5661									bowtie2;2.4.4;ANACAPA-blca;2021	MitoFish			
asv.3297									bowtie2;2.4.4;ANACAPA-blca;2021	MitoFish			
asv.3408									bowtie2;2.4.4;ANACAPA-blca;2021	MitoFish			
asv.2578									bowtie2;2.4.4;ANACAPA-blca;2021	MitoFish			
asv.9299									bowtie2;2.4.4;ANACAPA-blca;2021	MitoFish			
asv.9803									bowtie2;2.4.4;ANACAPA-blca;2021	MitoFish			
asv.8769									bowtie2;2.4.4;ANACAPA-blca;2021	MitoFish			
asv.9549									bowtie2;2.4.4;ANACAPA-blca;2021	MitoFish			
asv.5261									bowtie2;2.4.4;ANACAPA-blca;2021	MitoFish			
asv.2726									bowtie2;2.4.4;ANACAPA-blca;2021	MitoFish			
asv.2792									bowtie2;2.4.4;ANACAPA-blca;2021	MitoFish			
asv.3464									bowtie2;2.4.4;ANACAPA-blca;2021	MitoFish			
asv.9745									bowtie2;2.4.4;ANACAPA-blca;2021	MitoFish			
asv.10467									bowtie2;2.4.4;ANACAPA-blca;2021	MitoFish			
asv.4570									bowtie2;2.4.4;ANACAPA-blca;2021	MitoFish			
asv.8762									bowtie2;2.4.4;ANACAPA-blca;2021	MitoFish			
asv.3776									bowtie2;2.4.4;ANACAPA-blca;2021	MitoFish			
asv.4888									bowtie2;2.4.4;ANACAPA-blca;2021	MitoFish			
asv.3171									bowtie2;2.4.4;ANACAPA-blca;2021	MitoFish			
asv.8342									bowtie2;2.4.4;ANACAPA-blca;2021	MitoFish			
asv.10200									bowtie2;2.4.4;ANACAPA-blca;2021	MitoFish			
asv.9129									bowtie2;2.4.4;ANACAPA-blca;2021	MitoFish			
asv.8409									bowtie2;2.4.4;ANACAPA-blca;2021	MitoFish			
asv.3248									bowtie2;2.4.4;ANACAPA-blca;2021	MitoFish			
asv.9034									bowtie2;2.4.4;ANACAPA-blca;2021	MitoFish			
asv.8067									bowtie2;2.4.4;ANACAPA-blca;2021	MitoFish			
asv.3192									bowtie2;2.4.4;ANACAPA-blca;2021	MitoFish			
asv.2759									bowtie2;2.4.4;ANACAPA-blca;2021	MitoFish			
asv.2911									bowtie2;2.4.4;ANACAPA-blca;2021	MitoFish			
asv.4278									bowtie2;2.4.4;ANACAPA-blca;2021	MitoFish			
asv.3254									bowtie2;2.4.4;ANACAPA-blca;2021	MitoFish			
asv.3655									bowtie2;2.4.4;ANACAPA-blca;2021	MitoFish			
asv.9543									bowtie2;2.4.4;ANACAPA-blca;2021	MitoFish			
asv.3312									bowtie2;2.4.4;ANACAPA-blca;2021	MitoFish			
asv.6532									bowtie2;2.4.4;ANACAPA-blca;2021	MitoFish			
asv.3615									bowtie2;2.4.4;ANACAPA-blca;2021	MitoFish			
asv.3298									bowtie2;2.4.4;ANACAPA-blca;2021	MitoFish			
asv.10615									bowtie2;2.4.4;ANACAPA-blca;2021	MitoFish			
asv.9971									bowtie2;2.4.4;ANACAPA-blca;2021	MitoFish			
asv.9829									bowtie2;2.4.4;ANACAPA-blca;2021	MitoFish			
asv.7609									bowtie2;2.4.4;ANACAPA-blca;2021	MitoFish			
asv.9761									bowtie2;2.4.4;ANACAPA-blca;2021	MitoFish			
asv.5729									bowtie2;2.4.4;ANACAPA-blca;2021	MitoFish			
asv.3260									bowtie2;2.4.4;ANACAPA-blca;2021	MitoFish			
asv.10454									bowtie2;2.4.4;ANACAPA-blca;2021	MitoFish			
asv.4906									bowtie2;2.4.4;ANACAPA-blca;2021	MitoFish			
asv.10123									bowtie2;2.4.4;ANACAPA-blca;2021	MitoFish			
asv.10357									bowtie2;2.4.4;ANACAPA-blca;2021	MitoFish			
asv.5337									bowtie2;2.4.4;ANACAPA-blca;2021	MitoFish			
asv.9155									bowtie2;2.4.4;ANACAPA-blca;2021	MitoFish			
asv.10204									bowtie2;2.4.4;ANACAPA-blca;2021	MitoFish			
asv.10239									bowtie2;2.4.4;ANACAPA-blca;2021	MitoFish			
asv.3734									bowtie2;2.4.4;ANACAPA-blca;2021	MitoFish			
asv.8279									bowtie2;2.4.4;ANACAPA-blca;2021	MitoFish			
asv.10071									bowtie2;2.4.4;ANACAPA-blca;2021	MitoFish			
asv.9789									bowtie2;2.4.4;ANACAPA-blca;2021	MitoFish			
asv.2318									bowtie2;2.4.4;ANACAPA-blca;2021	MitoFish			
asv.3733									bowtie2;2.4.4;ANACAPA-blca;2021	MitoFish			
asv.5667									bowtie2;2.4.4;ANACAPA-blca;2021	MitoFish			
asv.8320									bowtie2;2.4.4;ANACAPA-blca;2021	MitoFish			
asv.10323									bowtie2;2.4.4;ANACAPA-blca;2021	MitoFish			
asv.7391									bowtie2;2.4.4;ANACAPA-blca;2021	MitoFish			
asv.9983									bowtie2;2.4.4;ANACAPA-blca;2021	MitoFish			
asv.9760									bowtie2;2.4.4;ANACAPA-blca;2021	MitoFish			
asv.9447									bowtie2;2.4.4;ANACAPA-blca;2021	MitoFish			
asv.3669									bowtie2;2.4.4;ANACAPA-blca;2021	MitoFish			
asv.2821									bowtie2;2.4.4;ANACAPA-blca;2021	MitoFish			
asv.9646									bowtie2;2.4.4;ANACAPA-blca;2021	MitoFish			
asv.8278									bowtie2;2.4.4;ANACAPA-blca;2021	MitoFish			
asv.4160									bowtie2;2.4.4;ANACAPA-blca;2021	MitoFish			
asv.3299									bowtie2;2.4.4;ANACAPA-blca;2021	MitoFish			
asv.9175									bowtie2;2.4.4;ANACAPA-blca;2021	MitoFish			
asv.2739									bowtie2;2.4.4;ANACAPA-blca;2021	MitoFish			
asv.2827									bowtie2;2.4.4;ANACAPA-blca;2021	MitoFish			
asv.3995									bowtie2;2.4.4;ANACAPA-blca;2021	MitoFish			
asv.3177									bowtie2;2.4.4;ANACAPA-blca;2021	MitoFish			
asv.3513									bowtie2;2.4.4;ANACAPA-blca;2021	MitoFish			
asv.8668									bowtie2;2.4.4;ANACAPA-blca;2021	MitoFish			
asv.10001									bowtie2;2.4.4;ANACAPA-blca;2021	MitoFish			
asv.6074									bowtie2;2.4.4;ANACAPA-blca;2021	MitoFish			
asv.10190									bowtie2;2.4.4;ANACAPA-blca;2021	MitoFish			
asv.4611									bowtie2;2.4.4;ANACAPA-blca;2021	MitoFish			
asv.4571									bowtie2;2.4.4;ANACAPA-blca;2021	MitoFish			
asv.2888									bowtie2;2.4.4;ANACAPA-blca;2021	MitoFish			
asv.2813									bowtie2;2.4.4;ANACAPA-blca;2021	MitoFish			
asv.7825									bowtie2;2.4.4;ANACAPA-blca;2021	MitoFish			
asv.9161									bowtie2;2.4.4;ANACAPA-blca;2021	MitoFish			
asv.10332									bowtie2;2.4.4;ANACAPA-blca;2021	MitoFish			
asv.9973									bowtie2;2.4.4;ANACAPA-blca;2021	MitoFish			
asv.9354									bowtie2;2.4.4;ANACAPA-blca;2021	MitoFish			
asv.230	Eukaryota	Chordata	Mammalia	Primates	Hominidae	Pan	Pan troglodytes	Pan troglodytes	blastn;2.12.0	NCBI-nt;2021-11-25			
asv.460	Eukaryota	Chordata	Mammalia	Primates	Hominidae	Pan	Pan troglodytes	Pan troglodytes	blastn;2.12.0	NCBI-nt;2021-11-25			
asv.2300	Bacteria	unknown	unknown	unknown	unknown	unknown	uncultured bacterium	uncultured bacterium	blastn;2.12.0	NCBI-nt;2021-11-25			
asv.6210	Bacteria	unknown	unknown	unknown	unknown	unknown	uncultured bacterium	uncultured bacterium	blastn;2.12.0	NCBI-nt;2021-11-25			
asv.10075	Bacteria	unknown	unknown	unknown	unknown	unknown	uncultured bacterium	uncultured bacterium	blastn;2.12.0	NCBI-nt;2021-11-25			
